{"0_SmallTwig": {"loc": [[-0.00637446902692318, 0.1130308285355568, 1.542937159538269], [0.6098564267158508, -0.03209657967090607, 0.5857447981834412], [0.3771902918815613, 0.2051965296268463, 0.7230010628700256], [0.2671428620815277, -0.05309757962822914, 0.674000084400177], [0.3368665277957916, -0.15629588067531586, 0.4889043867588043], [0.47404196858406067, 0.1651783138513565, 0.44588032364845276], [-0.47253262996673584, 0.6209763884544373, 0.6022644639015198], [-0.3277839720249176, -0.15078870952129364, 0.6188283562660217], [-0.3063642382621765, 0.13034884631633759, 0.6222394108772278], [-0.05375257879495621, 0.46025142073631287, 0.8890179991722107], [-0.0952131524682045, 0.4083271324634552, 0.5905696749687195], [-0.19108425080776215, 0.2740672528743744, 0.8461188077926636], [-0.3242538869380951, 0.3583918511867523, 0.466046005487442], [-0.36236122250556946, 0.3107679486274719, 0.72328120470047], [-0.20806153118610382, 0.5538879632949829, 0.5571470260620117], [-0.0033619769383221865, -0.6396334171295166, 1.0061613321304321], [0.35330408811569214, -0.12037532031536102, 0.9219462871551514], [0.1389133334159851, -0.24182768166065216, 0.7503295540809631], [0.2250390201807022, 0.06411117315292358, 0.813281774520874], [-0.2860449254512787, -0.21614119410514832, 1.0814793109893799], [-0.2865273356437683, -0.16192276775836945, 0.7778121829032898], [-0.0940815657377243, -0.31527748703956604, 0.9671645164489746], [0.041460197418928146, -0.4204374849796295, 0.6955395340919495], [0.02045336924493313, -0.326855331659317, 0.980076253414154], [-0.18135502934455872, -0.5270258784294128, 0.8550098538398743], [0.24645324051380157, 0.40516725182533264, 0.9117677807807922], [0.21807561814785004, 0.07413330674171448, 0.7802624106407166], [-0.01707375980913639, 0.34291380643844604, 0.792588472366333], [-0.42309829592704773, 0.31618204712867737, 0.8855649828910828], [-0.24858053028583527, 0.14047791063785553, 0.7377592921257019], [-0.3050103485584259, 0.10696340352296829, 1.020425796508789], [0.15969696640968323, -0.21550391614437103, 1.133236289024353], [-0.09554837644100189, -0.1975591629743576, 0.9518631100654602], [0.09737769514322281, 0.21281637251377106, 1.085041880607605], [-0.19395874440670013, 0.00980092491954565, 1.243895173072815], [0.15743614733219147, -0.002798589412122965, 1.3146458864212036]], "rot": [[0.19129261374473572, -1.4335522651672363, 1.2505972385406494], [0.1548149734735489, -0.7239960432052612, -0.2684958577156067], [0.12254752963781357, -0.7030488848686218, 0.6942979097366333], [0.19064579904079437, -0.8956611156463623, -1.2134144306182861], [0.015999332070350647, -0.30801987648010254, -1.2361936569213867], [0.20725032687187195, -0.07129193842411041, 0.9882758855819702], [0.23024310171604156, -0.2969660758972168, 2.2192511558532715], [0.20635811984539032, -0.39447951316833496, -2.099139928817749], [0.3041800558567047, -0.5349146723747253, 2.6485114097595215], [0.2644346058368683, -1.0227094888687134, 1.3823723793029785], [0.14049884676933289, 0.09340201318264008, 1.414320468902588], [0.16021856665611267, -1.1190531253814697, -2.9583749771118164], [0.02880307286977768, 0.3148576021194458, 2.2682924270629883], [0.2818739414215088, -1.0555914640426636, -3.088918447494507], [0.22483442723751068, -0.08007723093032837, 1.073636531829834], [0.21884456276893616, -0.7643646597862244, -1.4295333623886108], [0.07981991767883301, -0.7926175594329834, -0.14168190956115723], [0.18302033841609955, -0.3143409490585327, -1.1581339836120605], [0.22086992859840393, -0.38847455382347107, 1.1272361278533936], [0.19559043645858765, -1.1377416849136353, -2.8170135021209717], [0.182230606675148, -0.06679576635360718, 3.1254115104675293], [0.09398017078638077, -0.6831753849983215, -1.1589808464050293], [0.13394245505332947, 0.17370294034481049, -1.1694077253341675], [0.24376730620861053, -1.3889045715332031, -0.24992993474006653], [0.07690729945898056, -0.1321667581796646, -2.510702610015869], [0.004702665843069553, -0.5947175025939941, 0.8852718472480774], [0.20327526330947876, -0.1894671767950058, -0.13860541582107544], [0.03764558583498001, -0.09594740718603134, 2.2639448642730713], [0.29153919219970703, -0.23197424411773682, 2.4071950912475586], [0.2784479260444641, 0.5709232091903687, 2.7426161766052246], [0.17135536670684814, -1.0079611539840698, -2.8005964756011963], [0.13070833683013916, -0.7912445664405823, -0.5879784822463989], [0.27157270908355713, -0.0011292130220681429, -2.055901288986206], [0.07461271435022354, -0.166579931974411, 0.8739659190177917], [0.27213457226753235, -0.5495161414146423, -2.8005452156066895], [0.08191949874162674, -0.3676168918609619, -0.42085427045822144]], "type": "Apical Twigs", "scale": [1.0, 1.0, 1.0, 1.0, 1.0, 1.0, 1.0, 1.0, 1.0, 1.0, 1.0, 1.0, 1.0, 1.0, 1.0, 1.0, 1.0, 1.0, 1.0, 1.0, 1.0, 1.0, 1.0, 1.0, 1.0, 1.0, 1.0, 1.0, 1.0, 1.0, 1.0, 1.0, 1.0, 1.0, 1.0, 1.0], "show": [true, true, true, true, true, true, true, true, true, true, true, true, true, true, true, true, true, true, true, true, true, true, true, true, true, true, true, true, true, true, true, true, true, true, true, true], "mesh": "/media/wassname/Storage5/projects2/3ST/diy_bullet_conveyor/gen_fruit_tree/gen_tree_urdf/data/models/tree_02/tree_SmallTwig.obj"}, "1_SmallTwig": {"loc": [[3.191080395481549e-05, 0.0029506736900657415, 0.14967186748981476], [-0.014655097387731075, 0.08810987323522568, 1.3443464040756226], [0.4996257722377777, -0.004054570104926825, 0.49633505940437317], [0.2983616888523102, 0.13587215542793274, 0.6538389921188354], [0.4258069396018982, 0.0917331725358963, 0.43963029980659485], [-0.2708328664302826, -0.047521065920591354, 0.5839661955833435], [-0.07773468643426895, 0.3605496883392334, 0.7514538168907166], [-0.2708466947078705, 0.29430681467056274, 0.4933246076107025], [-0.021953392773866653, -0.49760493636131287, 0.8822134137153625], [0.10690107196569443, -0.16916178166866302, 0.7247443199157715], [-0.25161606073379517, -0.20451878011226654, 1.0034304857254028], [0.0036959408316761255, -0.32252681255340576, 0.8874566555023193], [0.19910073280334473, 0.3474515378475189, 0.8615387082099915], [-0.35824424028396606, 0.2578258216381073, 0.8650188446044922], [0.01951695792376995, -0.08458050340414047, 0.999750018119812], [0.030988549813628197, 0.1333003044128418, 1.0676500797271729]], "rot": [[0.19129180908203125, -0.17717228829860687, -0.9965956807136536], [0.1548149734735489, -0.0767698660492897, 1.9470112323760986], [0.12254755198955536, 0.7081549763679504, -0.8212046027183533], [0.19064602255821228, -0.7118130922317505, 2.4515044689178467], [0.015999380499124527, -0.38824379444122314, -0.4271869957447052], [0.20724986493587494, -1.2601310014724731, 2.7292680740356445], [0.23024307191371918, 0.17621274292469025, 0.2015233188867569], [0.20635811984539032, 0.7548621296882629, 0.6365289092063904], [0.3041800558567047, 0.13962076604366302, -0.21476124227046967], [0.2644343376159668, 0.9675988554954529, -0.4933657944202423], [0.14049886167049408, 0.13241253793239594, -2.0168190002441406], [0.16021835803985596, -0.15600530803203583, 1.2249712944030762], [0.02880299836397171, 0.6995076537132263, 0.3068538308143616], [0.2818737328052521, 0.5016723275184631, -2.640373706817627], [0.22483444213867188, -0.08764093369245529, 0.46778547763824463], [0.21884466707706451, -0.37636762857437134, -0.5778541564941406]], "type": "Lateral Twigs", "scale": [1.0, 1.0, 1.0, 1.0, 1.0, 1.0, 1.0, 1.0, 1.0, 1.0, 1.0, 1.0, 1.0, 1.0, 1.0, 1.0], "show": [true, true, true, true, true, true, true, true, true, true, true, true, true, true, true, true], "mesh": "/media/wassname/Storage5/projects2/3ST/diy_bullet_conveyor/gen_fruit_tree/gen_tree_urdf/data/models/tree_02/tree_SmallTwig.obj"}}